source,max,min
rea_lits,0.0672151083552446,0.0
hosp_lits,0.33958866777262603,0.0
hosp_pop,0.0020651432638585155,0.0
rea_pop,3.9403320876523016E-4,0.0
