source,max,min
hosp_t,3281.0,0.0
hosp_log_10,2.517327882294373,0.0
hosp_lits_10,0.7111803282237267,0.0
hosp_pop_10000,1.2390545796131436,0.0
